RowNumber,CustomerId,Surname,CreditScore,Geography,Gender,Age,Tenure,Balance,NumOfProducts,HasCrCard,IsActiveMember,EstimatedSalary,Exited
1,405711,Surname1,738,France,Female,22,6,454.87,4,0,1,87684.93,0
2,535829,Surname2,750,Germany,Male,58,2,207479.34,1,0,1,136445.53,1
3,217952,Surname3,578,Germany,Female,59,6,161657.11,2,1,0,47772.8,0
4,252315,Surname4,677,Germany,Female,33,9,192480.53,1,0,1,46450.47,0
5,982371,Surname5,668,Germany,Male,18,0,117655.8,2,1,0,74649.86,1
6,459783,Surname6,629,Germany,Female,57,0,230048.37,3,0,0,108693.7,0
7,404137,Surname7,697,Germany,Male,55,2,7278.45,1,1,1,146140.09,1
8,222579,Surname8,716,Spain,Female,24,9,28820.3,1,1,1,136692.92,0
9,710581,Surname9,357,Spain,Male,69,9,94004.33,2,0,1,166055.47,0
10,548242,Surname10,628,France,Male,47,0,21276.48,3,0,1,91015.41,1
11,474564,Surname11,704,Germany,Male,65,5,21971.97,2,1,0,183380.56,1
12,835831,Surname12,508,Spain,Male,43,0,141718.17,3,1,1,30741.87,0
13,836326,Surname13,596,France,Male,30,4,54030.5,2,0,1,45568.63,0
14,410744,Surname14,430,France,Male,18,7,156633.8,2,1,1,139906.34,0
15,270584,Surname15,505,France,Female,68,7,232349.96,4,0,0,58216.81,0
16,939052,Surname16,397,France,Male,67,1,205970.55,1,1,1,41272.2,0
17,704474,Surname17,845,Spain,Male,46,8,62107.6,2,0,1,178433.81,0
18,641377,Surname18,464,Spain,Female,25,6,22415.73,3,1,1,22996.16,0
19,774343,Surname19,361,Spain,Female,19,5,237548.12,2,0,1,198379.51,0
20,470775,Surname20,821,France,Female,62,1,248623.98,3,1,1,173891.97,1
21,845048,Surname21,684,France,Female,66,5,93623.72,2,0,0,174968.97,1
22,987633,Surname22,837,Germany,Female,68,4,115169.32,4,0,1,129455.48,0
23,355653,Surname23,636,Germany,Male,25,2,36333.42,4,0,1,52722.58,0
24,706745,Surname24,440,France,Female,58,6,177545.2,4,1,1,161637.4,0
25,954131,Surname25,640,Spain,Male,44,1,105458.4,1,0,1,20222.11,1
26,432752,Surname26,404,France,Male,58,1,200753.79,2,0,1,120601.92,1
27,530835,Surname27,687,Germany,Female,66,7,144324.18,3,0,0,93440.33,0
28,632165,Surname28,513,Germany,Male,64,9,10695.95,4,1,0,152577.3,1
29,446110,Surname29,421,Spain,Male,40,5,83738.64,3,0,1,14515.95,1
30,697423,Surname30,715,France,Female,32,4,202149.04,1,0,1,83489.25,0
31,541170,Surname31,665,Germany,Male,49,1,172028.47,3,0,0,100647.94,1
32,470648,Surname32,462,Spain,Female,39,5,158132.99,4,0,1,38948.25,0
33,656209,Surname33,771,Germany,Female,25,7,168126.16,4,1,1,88796.84,1
34,330131,Surname34,418,Spain,Female,54,8,151259.22,1,0,1,182990.76,0
35,149811,Surname35,787,Germany,Female,34,2,160281.08,2,0,0,99040.5,0
36,824115,Surname36,363,Germany,Male,24,4,155105.28,3,1,0,57837.47,1
37,573998,Surname37,451,France,Male,60,9,133356.98,1,0,1,111143.66,0
38,845895,Surname38,625,Spain,Female,38,7,189436.78,2,0,1,21560.06,0
39,222144,Surname39,713,Spain,Male,56,2,92373.14,2,0,0,65911.02,0
40,283561,Surname40,614,Germany,Female,22,8,118809.58,1,1,0,158890.98,0
41,184665,Surname41,702,France,Male,34,2,100362.39,1,1,1,131963.71,0
42,481567,Surname42,559,Germany,Male,52,1,52302.62,2,1,0,14557.12,0
43,403648,Surname43,547,Germany,Female,65,8,80472.24,2,1,0,118276.44,0
44,614591,Surname44,730,Germany,Female,65,7,13753.77,1,0,1,51294.62,1
45,936298,Surname45,450,Spain,Male,32,1,81381.91,1,1,1,195392.47,0
46,577428,Surname46,735,France,Male,65,3,97645.77,2,0,1,158900.53,0
47,749891,Surname47,603,Germany,Male,57,5,23346.02,4,0,0,34302.54,0
48,327838,Surname48,507,Germany,Male,33,8,55113.78,2,0,0,83253.68,0
49,373867,Surname49,739,Germany,Female,42,1,62385.44,3,1,1,103094.23,1
50,537106,Surname50,814,Spain,Male,32,3,56867.55,3,0,0,44650.63,0
51,510807,Surname51,580,Germany,Male,28,9,87555.43,1,1,1,143813.93,0
52,420290,Surname52,774,Spain,Male,22,1,36219.03,4,0,1,169861.96,1
53,995104,Surname53,500,Spain,Female,38,2,182875.34,1,0,0,10848.27,0
54,814660,Surname54,380,Spain,Female,59,7,85663.71,4,0,0,35312.44,0
55,975573,Surname55,605,Spain,Male,58,5,30591.31,2,1,0,63857.94,0
56,171557,Surname56,369,Spain,Male,29,8,148399.95,4,0,1,196980.94,0
57,251078,Surname57,610,France,Female,47,5,44912.04,2,0,0,86860.3,0
58,758920,Surname58,498,Spain,Male,21,3,14514.08,1,1,1,42347.87,0
59,161713,Surname59,712,Spain,Male,62,2,40823.04,1,0,1,32976.15,0
60,720879,Surname60,424,Germany,Male,44,5,104998.7,1,0,1,181257.67,1
61,145444,Surname61,473,France,Female,45,4,173377.24,1,0,1,163946.38,0
62,871689,Surname62,801,France,Male,20,8,160375.22,2,1,1,127667.12,0
63,670810,Surname63,564,Germany,Male,20,1,1301.49,4,0,1,112542.17,1
64,213183,Surname64,666,Spain,Male,41,0,198322.66,3,0,0,157659.21,0
65,186904,Surname65,579,France,Female,63,8,83921.94,3,0,1,70448.6,0
66,120737,Surname66,600,Spain,Female,46,8,169928.92,1,1,0,131572.38,0
67,621537,Surname67,443,Germany,Male,36,4,8168.29,1,0,1,150000.63,0
68,784007,Surname68,519,France,Male,65,0,98447.06,3,1,0,119373.26,0
69,816713,Surname69,390,Spain,Male,19,4,4902.63,2,0,0,42059.07,0
70,454361,Surname70,538,France,Male,22,2,204086.38,2,0,1,197321.91,0
71,180163,Surname71,559,France,Male,54,7,46741.8,4,0,1,164127.16,0
72,374278,Surname72,529,Spain,Female,35,4,168636.98,4,1,0,103219.12,0
73,147883,Surname73,646,Spain,Female,42,4,69266.54,1,1,0,127794.33,0
74,862286,Surname74,409,France,Male,43,5,33837.78,1,0,1,154414.44,1
75,186107,Surname75,840,Germany,Female,61,6,232573.83,3,1,0,97131.18,0
76,949792,Surname76,828,France,Male,30,3,148756.15,4,0,1,150432.08,1
77,807171,Surname77,379,Germany,Female,52,7,222657.76,1,1,0,156856.3,0
78,896213,Surname78,575,France,Female,39,0,76649.85,3,1,0,97211.4,0
79,512556,Surname79,444,Spain,Male,68,9,207458.83,2,0,1,45675.94,0
80,651545,Surname80,588,Germany,Female,27,4,235420.58,4,0,0,123575.74,1
81,509514,Surname81,515,Germany,Female,54,4,98795.96,1,1,1,115314.88,0
82,636660,Surname82,732,France,Female,61,5,226032.76,4,0,0,105093.8,0
83,497636,Surname83,566,France,Female,59,8,83771.44,4,0,0,21130.58,1
84,997798,Surname84,622,Germany,Male,24,5,81150.0,3,1,1,157737.01,0
85,969423,Surname85,705,Spain,Female,35,6,248933.17,1,0,0,112354.57,0
86,686367,Surname86,517,Germany,Male,49,1,238102.61,4,0,0,91823.78,0
87,310932,Surname87,507,Germany,Male,68,4,57154.59,4,0,0,164829.52,0
88,858915,Surname88,415,Spain,Female,65,5,209300.51,1,1,0,47408.09,0
89,883308,Surname89,629,Spain,Male,62,3,85614.47,4,0,0,61619.46,0
90,238084,Surname90,550,France,Male,24,9,244810.84,3,1,0,131548.14,0
91,371540,Surname91,734,France,Male,68,6,212454.41,4,0,0,84111.03,1
92,605832,Surname92,437,France,Male,34,8,226229.83,1,1,0,67583.16,0
93,366062,Surname93,643,Spain,Male,48,7,143418.38,3,1,1,58377.03,0
94,109359,Surname94,717,Germany,Female,46,4,73537.84,4,0,0,102288.85,0
95,478516,Surname95,797,Spain,Male,29,7,49381.25,1,1,1,157352.01,0
96,275331,Surname96,760,France,Male,50,8,131967.98,1,0,1,163011.93,1
97,246199,Surname97,567,Germany,Female,56,1,167878.93,1,0,0,160208.24,1
98,602479,Surname98,695,France,Female,43,4,185447.16,4,0,0,178272.6,0
99,201261,Surname99,484,Germany,Female,56,5,42595.8,3,1,0,19640.95,0
100,923669,Surname100,566,Spain,Female,47,5,133972.0,4,1,1,196621.2,0
101,441845,Surname101,813,France,Female,20,3,109027.46,1,0,1,91027.68,1
102,370896,Surname102,451,Spain,Male,37,8,52056.05,2,0,1,46666.6,0
103,208101,Surname103,647,Spain,Male,30,3,138240.58,3,0,0,194304.33,0
104,311113,Surname104,751,Spain,Male,36,5,68978.43,2,0,0,166784.64,0
105,564547,Surname105,814,Germany,Male,18,3,133763.64,2,1,0,186647.47,0
106,412768,Surname106,718,Spain,Male,59,4,50027.34,3,0,1,109399.21,0
107,844543,Surname107,393,Spain,Male,40,6,224985.63,3,1,0,152070.95,0
108,926565,Surname108,460,Germany,Female,35,1,84525.71,4,0,0,108698.17,0
109,718078,Surname109,803,Spain,Female,60,9,152583.65,2,0,0,112495.52,0
110,862112,Surname110,724,Spain,Female,22,9,30483.25,4,0,0,190785.18,1
111,286225,Surname111,753,Spain,Male,22,7,157504.3,4,1,1,150287.83,0
112,333138,Surname112,589,Germany,Male,36,6,68010.08,4,0,1,117687.78,0
113,424900,Surname113,628,Germany,Female,23,5,239132.9,3,0,1,84619.7,1
114,749122,Surname114,715,France,Female,32,2,98538.57,2,1,0,41222.25,0
115,190928,Surname115,745,Spain,Female,28,9,151851.64,1,1,1,31988.77,0
116,706045,Surname116,361,Germany,Male,68,3,53953.34,3,0,0,66936.57,0
117,184355,Surname117,767,Spain,Female,47,5,215369.05,3,1,1,141632.83,0
118,724226,Surname118,741,Germany,Female,37,8,201083.23,2,0,1,46395.0,0
119,541898,Surname119,469,Germany,Female,52,3,61408.83,2,1,1,34977.81,0
120,952941,Surname120,632,Germany,Female,21,1,227762.13,2,0,0,24773.9,1
121,317456,Surname121,398,France,Male,26,9,10038.76,2,0,0,170787.38,0
122,568967,Surname122,549,Spain,Female,44,6,188143.28,2,0,0,55826.07,0
123,124777,Surname123,589,Germany,Female,36,7,114467.2,1,1,0,48161.59,1
124,638112,Surname124,532,Spain,Female,22,8,208864.85,4,0,0,84262.23,0
125,359978,Surname125,446,Germany,Female,25,1,116371.49,4,1,0,129602.38,0
126,495634,Surname126,706,Spain,Female,60,9,16395.52,3,0,1,121389.35,0
127,506059,Surname127,688,Spain,Male,47,7,56636.38,4,0,1,185494.98,1
128,440922,Surname128,437,Germany,Male,53,3,248593.71,4,0,0,139574.7,0
129,398367,Surname129,755,Spain,Male,33,7,83544.4,4,1,1,116774.59,1
130,875867,Surname130,352,France,Female,64,9,40076.3,1,0,0,145203.65,0
131,423714,Surname131,614,France,Female,63,4,201457.71,1,1,1,136107.46,0
132,892953,Surname132,616,Spain,Female,21,1,11267.46,4,1,0,155820.88,0
133,581378,Surname133,611,Spain,Female,21,1,16602.19,2,1,1,118761.0,1
134,550110,Surname134,644,Germany,Male,24,8,74379.69,4,1,1,163385.25,0
135,961091,Surname135,772,Germany,Male,20,2,11850.24,2,1,0,181010.89,0
136,196990,Surname136,450,Spain,Female,55,0,248928.17,3,0,1,142330.6,0
137,884507,Surname137,799,Spain,Male,42,8,172782.22,2,0,1,77947.77,0
138,208483,Surname138,467,Spain,Female,53,5,129896.61,1,1,0,63195.86,0
139,483570,Surname139,409,Spain,Male,21,5,201291.6,3,0,1,131065.28,1
140,114254,Surname140,514,France,Female,25,3,165621.7,1,0,0,129971.54,0
141,938371,Surname141,739,Spain,Female,45,0,43316.24,1,1,0,14543.01,0
142,582452,Surname142,611,Germany,Male,68,1,54908.45,1,1,0,151950.78,0
143,137073,Surname143,388,France,Male,20,7,216923.57,4,1,1,52156.15,0
144,872658,Surname144,513,Spain,Male,66,4,84240.33,1,1,0,20353.13,0
145,334907,Surname145,438,Germany,Male,25,4,111910.09,1,1,0,39107.85,0
146,918217,Surname146,783,France,Female,28,4,97783.93,1,1,0,134788.37,0
147,164570,Surname147,557,Spain,Male,63,4,13007.45,4,1,1,109380.39,1
148,180577,Surname148,690,Spain,Female,66,5,176143.43,4,1,1,170918.17,0
149,549572,Surname149,720,Spain,Male,23,6,135018.52,1,0,1,30188.02,0
150,516522,Surname150,615,Spain,Female,58,8,169035.02,1,0,1,167608.16,0
151,661238,Surname151,482,France,Female,40,4,69557.85,3,0,0,133674.4,0
152,440840,Surname152,783,Germany,Male,61,4,101728.48,1,1,0,50836.61,1
153,847531,Surname153,374,Spain,Female,19,7,48162.44,2,0,0,150012.07,0
154,344482,Surname154,444,France,Female,24,7,104920.66,4,0,0,150853.32,1
155,985043,Surname155,736,France,Male,46,4,163372.85,3,1,1,30520.3,0
156,965360,Surname156,689,Germany,Female,23,5,236172.26,2,0,1,60624.89,0
157,179904,Surname157,737,France,Female,58,7,165864.3,1,1,1,131384.33,0
158,432982,Surname158,427,France,Female,28,4,131289.93,3,1,1,82309.19,0
159,527136,Surname159,617,Germany,Female,25,9,104091.81,3,1,0,155396.54,0
160,451014,Surname160,747,France,Female,47,5,26387.42,4,0,1,111848.06,1
161,468915,Surname161,834,France,Male,54,9,119268.57,2,0,1,172829.44,0
162,596814,Surname162,431,Germany,Male,36,1,38777.02,3,1,0,31094.94,1
163,474314,Surname163,504,France,Female,65,4,145546.8,4,1,0,149411.89,1
164,474131,Surname164,804,Germany,Male,20,0,182561.77,2,0,0,98281.59,1
165,478040,Surname165,525,Spain,Male,59,1,236623.9,4,0,1,108684.28,1
166,725084,Surname166,448,Spain,Male,47,3,74213.22,4,1,0,63968.66,1
167,454792,Surname167,371,Spain,Female,50,9,99226.38,3,0,0,61122.0,0
168,869613,Surname168,754,Spain,Female,67,2,45737.98,4,0,0,46062.72,0
169,343998,Surname169,520,France,Male,43,0,219485.13,3,1,1,80935.68,0
170,965560,Surname170,728,Spain,Female,54,7,206019.31,1,1,0,55407.69,0
171,452893,Surname171,791,Germany,Male,37,2,193739.97,1,0,1,46048.33,0
172,264610,Surname172,495,Germany,Male,50,9,14322.51,1,0,0,192741.22,0
173,632574,Surname173,451,Germany,Male,45,0,139179.86,1,1,0,95008.71,0
174,471938,Surname174,823,Germany,Male,44,1,58753.39,2,1,1,138843.24,0
175,728587,Surname175,594,Spain,Female,46,8,29921.3,3,0,0,81088.15,0
176,230317,Surname176,819,Germany,Male,63,1,195403.28,3,0,0,118260.81,0
177,884240,Surname177,533,Spain,Male,41,1,52895.34,1,0,0,104848.4,0
178,113640,Surname178,450,Germany,Male,36,5,125202.92,4,1,1,126410.75,1
179,538879,Surname179,546,Germany,Male,23,9,131524.09,3,0,1,147318.46,0
180,103912,Surname180,461,Spain,Female,19,6,53320.5,1,1,1,136142.75,1
181,281658,Surname181,576,Spain,Female,39,6,123065.29,4,0,1,154799.64,0
182,121752,Surname182,617,France,Male,52,8,13204.97,1,1,1,37797.84,0
183,878420,Surname183,832,France,Female,19,1,18.11,3,0,1,27865.92,1
184,946147,Surname184,447,France,Female,47,5,220080.48,1,0,0,74390.89,1
185,582284,Surname185,588,Germany,Female,63,9,103897.18,4,1,1,101547.29,0
186,632285,Surname186,753,Germany,Female,52,5,226854.95,2,1,1,52636.49,1
187,546222,Surname187,718,Germany,Female,32,6,124076.84,1,0,0,156912.66,0
188,337507,Surname188,361,France,Female,60,9,107777.07,1,1,1,146715.63,0
189,170381,Surname189,831,France,Male,48,0,73978.04,2,1,1,183579.99,0
190,416412,Surname190,375,France,Female,27,3,20422.23,4,0,0,148502.44,0
191,864502,Surname191,447,Germany,Female,45,7,77423.66,1,0,0,30357.61,0
192,431213,Surname192,701,Spain,Male,25,2,152117.57,1,1,0,136349.02,1
193,954905,Surname193,651,France,Male,30,9,190696.59,4,0,1,88291.27,1
194,191757,Surname194,612,Spain,Female,47,0,135206.38,1,0,0,59326.81,0
195,727531,Surname195,439,Germany,Male,54,9,189563.96,4,0,1,124370.77,0
196,273584,Surname196,694,France,Female,56,9,39437.9,2,0,0,67416.13,0
197,716597,Surname197,843,Germany,Female,46,9,145809.98,4,0,0,110862.7,0
198,461582,Surname198,388,Spain,Male,67,7,220650.81,1,1,0,119435.7,1
199,739001,Surname199,401,Germany,Female,39,7,54490.05,4,1,1,110522.71,0
200,470128,Surname200,366,Germany,Female,41,6,56917.23,1,0,1,12030.44,0
201,772700,Surname201,757,France,Male,55,7,187108.13,3,0,0,76260.39,0
202,101913,Surname202,568,Spain,Male,38,0,203014.2,2,0,1,160187.83,1
203,545302,Surname203,609,France,Female,31,6,62011.58,2,0,1,75910.17,0
204,113429,Surname204,696,Germany,Male,63,0,82892.45,4,1,0,106782.1,1
205,224349,Surname205,780,Germany,Male,58,2,157942.35,2,1,0,75860.1,0
206,376051,Surname206,472,Spain,Female,68,6,99607.93,1,1,1,47855.2,0
207,921921,Surname207,763,Germany,Female,59,8,156002.74,2,0,1,47953.16,0
208,503304,Surname208,608,France,Female,19,8,124107.51,2,1,0,152283.32,0
209,215616,Surname209,483,Spain,Female,26,6,193412.83,1,0,0,129311.01,1
210,770948,Surname210,727,Germany,Female,57,3,211472.16,3,0,0,187090.84,0
211,924827,Surname211,805,France,Male,62,2,215956.8,4,1,1,89990.89,1
212,160155,Surname212,621,France,Female,27,3,152881.27,2,1,0,130947.78,0
213,745241,Surname213,684,Spain,Male,67,1,153146.03,2,0,0,99022.52,0
214,793574,Surname214,769,Germany,Female,35,4,112411.72,2,1,0,100048.2,1
215,362613,Surname215,530,France,Male,67,0,6903.51,2,1,1,172276.6,0
216,143295,Surname216,709,Spain,Male,43,8,74795.05,1,0,1,96317.52,0
217,174253,Surname217,724,France,Male,41,2,15924.43,2,1,1,186351.69,0
218,740839,Surname218,613,Germany,Male,58,6,109446.31,1,0,1,127896.38,0
219,265560,Surname219,529,France,Female,69,7,212371.31,4,1,1,26230.62,0
220,793400,Surname220,708,Germany,Female,28,7,149200.5,1,0,0,22916.75,0
221,510191,Surname221,599,France,Female,44,8,168883.15,4,0,1,196639.7,1
222,728777,Surname222,785,Germany,Male,31,0,47001.99,3,0,1,85878.28,1
223,348082,Surname223,763,France,Male,49,2,65488.29,2,1,0,121617.18,0
224,246984,Surname224,533,France,Male,39,1,40783.04,2,0,0,92001.35,0
225,444271,Surname225,463,Spain,Female,51,6,210672.19,2,1,1,40190.32,0
226,901547,Surname226,745,Germany,Female,63,3,70078.25,3,0,0,33854.82,0
227,481094,Surname227,801,France,Male,19,6,140581.58,2,1,1,50412.27,0
228,704271,Surname228,555,Spain,Male,50,7,35282.15,4,0,0,125014.18,0
229,283645,Surname229,728,France,Male,61,9,30997.23,1,1,1,113841.38,0
230,325273,Surname230,661,Spain,Female,24,4,86895.84,2,1,0,72431.8,0
231,351009,Surname231,438,France,Female,52,0,82588.29,3,0,0,18393.11,0
232,557439,Surname232,602,Spain,Male,48,8,82213.31,2,0,1,71565.33,1
233,863766,Surname233,674,Germany,Male,64,2,150233.2,3,1,0,85677.63,0
234,635340,Surname234,467,France,Female,44,3,78997.54,2,0,0,153720.52,1
235,115741,Surname235,721,Germany,Female,56,2,192183.97,3,1,1,150121.96,0
236,943800,Surname236,820,Germany,Male,54,8,22667.69,2,1,1,52067.54,0
237,194275,Surname237,535,Spain,Female,35,0,81196.46,2,0,0,53258.05,0
238,406130,Surname238,699,Germany,Male,66,6,167298.28,4,1,1,129297.74,0
239,367247,Surname239,452,Spain,Male,30,6,150733.03,3,1,1,133837.51,0
240,746915,Surname240,745,Spain,Female,65,9,29878.9,4,1,1,116609.53,1
241,659338,Surname241,556,Spain,Male,57,5,109868.37,2,0,0,31274.56,1
242,494956,Surname242,432,Spain,Female,66,9,77305.37,3,0,1,64286.83,0
243,417414,Surname243,823,Spain,Female,66,7,157967.61,4,0,0,16023.61,0
244,767939,Surname244,586,France,Female,43,3,32467.57,2,0,0,154702.89,0
245,433526,Surname245,353,France,Female,18,6,167641.48,4,0,0,163235.65,0
246,473758,Surname246,515,Germany,Female,56,8,115958.13,1,0,0,184891.31,1
247,278877,Surname247,741,France,Male,48,5,68722.5,3,0,1,26703.96,1
248,775525,Surname248,635,Spain,Male,59,2,186861.0,3,1,1,182180.46,0
249,233847,Surname249,428,Spain,Male,65,8,46977.46,2,1,0,184500.79,0
250,839883,Surname250,617,France,Male,54,9,38059.48,4,1,1,199564.14,0
251,655040,Surname251,807,Germany,Female,56,1,3838.98,4,0,0,157798.83,0
252,975531,Surname252,361,Germany,Female,46,4,215325.09,4,0,1,59901.19,0
253,310536,Surname253,622,France,Male,60,0,123091.39,1,1,0,60266.19,0
254,171892,Surname254,410,Spain,Female,41,9,129178.9,3,0,0,140761.21,0
255,658218,Surname255,473,Spain,Male,33,4,28690.65,1,1,0,139149.21,1
256,146774,Surname256,453,Germany,Female,56,7,26944.03,4,1,1,135462.55,1
257,390795,Surname257,541,France,Male,56,0,83445.85,3,0,0,77092.96,0
258,425029,Surname258,537,Spain,Female,40,9,129057.66,2,1,1,108761.48,0
259,247069,Surname259,479,Germany,Male,66,1,175218.05,1,0,1,67284.52,0
260,558396,Surname260,752,Germany,Male,25,4,124817.59,4,0,1,123390.24,0
261,985359,Surname261,531,France,Male,55,0,207889.61,1,1,1,156756.41,0
262,984200,Surname262,634,Germany,Male,68,0,94348.08,4,1,1,142752.29,0
263,698786,Surname263,798,Spain,Female,20,9,7022.0,4,1,0,92176.01,0
264,163003,Surname264,691,Germany,Male,31,0,106538.07,4,1,0,109698.4,1
265,448115,Surname265,566,Germany,Female,38,3,21250.66,3,1,0,156759.51,0
266,527225,Surname266,423,Germany,Female,64,8,80513.61,1,1,1,54242.05,0
267,274743,Surname267,742,France,Male,47,6,246288.67,4,0,0,52046.73,0
268,563155,Surname268,816,Spain,Male,50,2,214338.56,4,1,1,102147.49,0
269,904014,Surname269,745,Germany,Female,37,0,59113.93,2,1,0,103885.93,0
270,916276,Surname270,826,France,Male,62,9,93990.61,1,0,1,14459.82,0
271,184917,Surname271,723,Germany,Female,62,6,107791.28,1,1,1,120569.8,0
272,138429,Surname272,785,Spain,Male,40,5,190967.09,2,1,0,89370.87,1
273,443619,Surname273,687,Germany,Male,40,6,8364.28,4,0,0,119512.14,0
274,962755,Surname274,789,France,Female,62,9,9655.69,1,1,1,183816.5,0
275,182727,Surname275,365,Germany,Female,55,1,29279.47,1,1,1,73292.44,0
276,422953,Surname276,481,Germany,Female,52,4,157081.25,2,1,1,30488.81,0
277,757481,Surname277,456,Germany,Male,56,4,103636.65,2,1,1,49238.55,0
278,800713,Surname278,822,France,Female,39,2,212231.41,1,0,1,68242.04,0
279,845347,Surname279,563,Germany,Male,46,9,71014.47,2,0,0,174059.32,0
280,759246,Surname280,634,Germany,Female,66,2,122313.01,1,0,1,114324.12,0
281,665978,Surname281,664,France,Male,52,4,176696.43,4,0,0,199065.59,1
282,319058,Surname282,563,France,Female,19,9,136300.3,4,1,1,64156.08,0
283,836108,Surname283,428,Spain,Male,63,3,79199.99,3,0,1,23058.1,0
284,175523,Surname284,717,France,Female,64,3,38135.69,3,0,1,67225.75,0
285,871871,Surname285,671,Germany,Male,35,6,135150.85,4,1,0,198593.04,0
286,213417,Surname286,682,Germany,Female,52,0,35539.13,1,1,1,151188.84,0
287,488490,Surname287,617,France,Female,61,8,234826.11,1,1,1,183861.66,1
288,226491,Surname288,631,Spain,Female,31,9,134972.65,1,0,1,123020.5,0
289,182119,Surname289,709,France,Male,35,5,43728.83,2,0,0,62319.06,0
290,592967,Surname290,617,Spain,Male,49,5,180160.64,1,1,0,191341.96,0
291,236253,Surname291,696,France,Female,39,2,25886.8,4,1,1,53539.73,0
292,143349,Surname292,587,Spain,Male,52,0,192911.2,2,1,0,85451.67,0
293,307650,Surname293,768,Spain,Male,63,4,114322.28,4,1,1,65743.68,1
294,273986,Surname294,735,Germany,Male,19,0,33165.49,2,1,0,132257.22,0
295,301816,Surname295,494,Spain,Female,23,5,9302.76,1,1,1,89421.85,0
296,696001,Surname296,607,Germany,Female,65,2,248344.5,3,0,0,191850.56,0
297,606501,Surname297,366,France,Female,68,3,68592.07,4,1,1,193809.81,1
298,294792,Surname298,383,France,Female,56,2,238062.16,1,0,0,28413.66,0
299,301471,Surname299,383,France,Male,49,9,125459.08,3,0,0,186383.29,0
300,478624,Surname300,522,France,Male,46,8,125753.85,2,1,1,161619.24,0
301,409538,Surname301,836,France,Female,56,9,22767.43,3,0,1,145344.11,0
302,304997,Surname302,646,Germany,Female,68,0,237676.45,1,0,1,78929.34,0
303,363038,Surname303,678,France,Female,66,6,183223.97,3,1,1,139115.88,0
304,687701,Surname304,555,Spain,Female,22,0,129681.96,3,0,1,164026.62,0
305,220062,Surname305,456,Germany,Female,55,9,30064.28,1,1,0,167780.7,1
306,541424,Surname306,433,Spain,Female,25,1,43919.14,3,1,1,163097.37,0
307,523358,Surname307,592,Germany,Female,21,3,108041.65,1,0,0,70804.48,0
308,395048,Surname308,766,Spain,Female,39,5,90564.71,4,1,1,45152.47,1
309,532257,Surname309,757,Germany,Female,39,1,139534.5,1,0,1,113317.32,0
310,946033,Surname310,674,France,Male,44,2,19085.99,3,1,1,58302.94,0
311,715792,Surname311,765,Germany,Female,20,0,10086.5,3,0,1,159147.18,0
312,212931,Surname312,500,Germany,Female,46,5,127775.77,3,0,1,18487.3,1
313,703512,Surname313,414,Spain,Male,65,6,7125.35,3,0,1,90827.62,0
314,431099,Surname314,579,Germany,Male,50,9,14887.99,3,1,0,157931.73,0
315,444232,Surname315,637,Germany,Female,55,1,94085.36,4,0,1,25306.23,0
316,630292,Surname316,429,France,Male,51,2,15444.77,1,1,0,140526.04,0
317,528836,Surname317,433,Spain,Male,53,6,96367.41,4,1,0,53902.02,0
318,997200,Surname318,621,Germany,Female,50,6,60437.63,3,1,1,34204.84,0
319,666809,Surname319,657,Spain,Male,57,7,46942.57,1,0,1,68498.5,0
320,841699,Surname320,746,Germany,Male,35,0,101169.96,4,1,0,13673.89,0
321,943623,Surname321,523,Germany,Female,27,5,29975.98,3,0,0,129704.27,0
322,682140,Surname322,360,Spain,Female,53,4,87409.84,3,0,1,73252.69,0
323,201490,Surname323,455,France,Female,62,7,108718.41,3,1,1,198805.13,0
324,384446,Surname324,686,Germany,Male,40,4,207500.74,3,0,1,28589.48,0
325,580285,Surname325,420,Germany,Male,23,6,233201.55,2,1,1,180028.01,0
326,707985,Surname326,371,Germany,Male,40,6,77084.61,2,1,0,104611.97,1
327,676801,Surname327,572,Spain,Male,27,8,73160.51,3,0,0,32363.14,0
328,862002,Surname328,545,France,Female,19,6,141629.57,2,1,0,172662.29,0
329,285617,Surname329,686,Germany,Female,61,0,34353.61,2,1,0,31098.66,0
330,219005,Surname330,670,Germany,Male,23,2,87428.05,1,0,1,132713.26,0
331,645277,Surname331,479,Germany,Male,60,0,13304.09,2,0,1,56591.34,0
332,233634,Surname332,656,Spain,Female,22,0,94767.04,1,0,0,95332.33,0
333,777957,Surname333,702,Spain,Male,25,8,28537.84,3,1,1,118873.79,0
334,256556,Surname334,713,Spain,Male,37,4,140453.23,4,0,0,184738.34,1
335,309781,Surname335,816,Spain,Male,68,0,160398.43,3,0,1,64057.61,1
336,979357,Surname336,688,France,Male,69,1,246772.88,3,0,0,83662.02,1
337,193807,Surname337,535,Spain,Female,56,0,48784.67,2,1,1,47923.2,1
338,614139,Surname338,756,Spain,Male,31,8,51800.54,3,1,0,75288.11,0
339,635893,Surname339,621,Germany,Male,29,5,236854.88,1,0,1,33904.25,0
340,985159,Surname340,749,Spain,Female,41,2,216160.21,2,1,1,114135.85,1
341,488647,Surname341,378,France,Female,56,8,154013.51,2,0,1,116254.01,0
342,820843,Surname342,677,France,Male,29,0,210351.81,1,1,0,128440.9,0
343,193846,Surname343,633,Germany,Male,58,5,52423.04,2,1,1,53766.95,1
344,488510,Surname344,566,France,Female,49,0,218507.21,4,0,0,92147.57,0
345,292145,Surname345,663,Spain,Male,21,8,216826.88,2,0,0,17871.53,0
346,221542,Surname346,664,Spain,Female,20,5,62028.06,1,0,0,17648.77,0
347,723559,Surname347,566,France,Male,25,6,127093.33,3,0,0,68797.94,0
348,333746,Surname348,810,France,Male,20,9,232443.57,4,1,1,102937.16,0
349,469500,Surname349,619,Spain,Female,43,4,169787.5,2,0,1,141665.06,0
350,384715,Surname350,752,Germany,Male,64,4,165129.78,1,1,1,154147.96,0
351,788561,Surname351,428,Spain,Female,23,2,139941.15,2,0,1,86338.39,0
352,178633,Surname352,812,Germany,Male,34,4,67207.89,1,1,1,153565.22,0
353,188157,Surname353,626,Germany,Male,68,0,244603.84,2,1,1,148244.76,0
354,621390,Surname354,421,France,Female,26,8,111877.41,3,1,0,130170.09,1
355,576565,Surname355,533,Germany,Female,35,1,77862.52,4,1,0,36909.65,0
356,882537,Surname356,650,Spain,Male,68,7,182145.18,1,1,0,64576.36,0
357,931321,Surname357,585,Spain,Female,46,4,151926.2,3,0,0,111436.58,0
358,446610,Surname358,595,France,Male,32,1,85560.33,1,0,0,164647.07,1
359,458880,Surname359,441,Germany,Male,24,0,75947.9,2,1,1,86629.63,0
360,441979,Surname360,394,Spain,Male,31,9,53626.67,2,1,1,193742.59,0
361,968681,Surname361,621,Germany,Female,46,5,19621.61,4,1,0,136426.11,0
362,578748,Surname362,437,Spain,Male,21,1,156427.73,2,0,1,69480.57,1
363,902795,Surname363,809,Spain,Female,62,8,126423.41,2,0,1,116672.48,0
364,518001,Surname364,427,Spain,Male,56,1,58712.1,1,0,0,81264.0,1
365,549129,Surname365,763,Spain,Female,65,6,13781.13,1,1,1,183276.42,0
366,163418,Surname366,445,France,Female,22,0,4725.27,2,0,1,19185.97,1
367,529952,Surname367,460,France,Female,18,0,184623.98,3,1,1,53493.95,0
368,976502,Surname368,560,Germany,Male,29,2,47063.3,2,0,0,28347.64,0
369,821936,Surname369,482,Germany,Female,56,0,66660.9,4,0,0,163067.74,0
370,696074,Surname370,378,France,Female,24,7,3528.05,3,0,1,46305.09,1
371,157508,Surname371,543,Spain,Male,69,2,37659.76,1,1,0,151141.0,0
372,715006,Surname372,399,Germany,Female,38,7,218611.43,1,0,0,116703.33,0
373,434452,Surname373,783,Germany,Female,24,5,60515.21,2,1,0,167741.04,0
374,928611,Surname374,693,France,Male,34,4,238489.55,2,0,1,199040.27,0
375,650195,Surname375,407,Germany,Female,18,0,41086.71,4,0,0,39304.99,0
376,800552,Surname376,558,France,Female,21,7,63315.36,2,0,0,38579.29,0
377,240216,Surname377,391,Spain,Male,23,9,216927.49,4,0,1,130880.95,0
378,883195,Surname378,824,Germany,Male,65,8,106652.08,1,1,0,16897.83,0
379,872846,Surname379,590,Spain,Female,57,1,66957.23,2,1,1,165309.41,0
380,424695,Surname380,544,Spain,Male,34,3,173203.44,4,1,0,81561.47,0
381,337728,Surname381,781,France,Male,43,2,12807.1,2,0,1,85797.6,0
382,495411,Surname382,623,Spain,Male,48,2,222651.29,3,0,0,118688.7,0
383,497896,Surname383,370,France,Male,45,5,210390.39,1,1,1,74998.12,0
384,548967,Surname384,516,France,Male,29,7,21449.26,2,1,1,67044.7,0
385,781047,Surname385,670,Germany,Male,58,1,199654.69,3,1,0,48944.15,1
386,938669,Surname386,484,Spain,Female,18,5,240292.61,3,0,0,146576.08,0
387,459738,Surname387,586,France,Male,51,3,123017.4,4,1,0,156036.39,0
388,482545,Surname388,500,Germany,Male,43,9,142038.34,2,1,0,125539.51,0
389,924440,Surname389,429,France,Female,32,5,169949.19,4,0,0,54846.42,0
390,765460,Surname390,424,Spain,Male,66,6,66681.74,1,0,0,142004.2,0
391,422487,Surname391,512,Spain,Female,52,3,162415.31,3,1,0,39993.19,1
392,143723,Surname392,518,Germany,Female,58,6,118716.88,1,1,1,176873.67,0
393,854396,Surname393,516,Germany,Female,68,7,101385.45,3,1,0,94801.95,0
394,809540,Surname394,499,Germany,Female,68,5,225700.39,3,1,0,100413.64,0
395,550841,Surname395,640,Germany,Female,61,6,199475.78,1,0,0,48788.16,0
396,932288,Surname396,723,Germany,Male,56,9,233651.91,4,1,0,126947.11,1
397,713802,Surname397,510,Spain,Female,37,9,209162.96,4,1,1,197159.29,1
398,832942,Surname398,776,Germany,Female,60,5,10452.65,3,0,1,121929.09,0
399,252022,Surname399,733,Germany,Male,52,7,151632.35,4,1,1,133945.58,0
400,861108,Surname400,650,Germany,Male,56,5,174409.22,2,0,1,64812.94,0
401,853618,Surname401,449,Germany,Female,39,3,166214.37,4,0,0,71911.77,0
402,676836,Surname402,647,Spain,Male,38,3,67989.11,2,1,0,47307.56,1
403,408758,Surname403,599,Spain,Male,44,4,106407.59,3,0,1,107774.32,0
404,220035,Surname404,709,France,Female,53,0,9757.28,4,1,1,38115.17,0
405,778778,Surname405,761,Germany,Female,45,1,23523.53,2,0,0,127511.44,0
406,936179,Surname406,601,Germany,Male,21,3,140127.98,4,1,1,98408.94,1
407,657703,Surname407,654,Spain,Male,43,9,145602.94,1,0,1,128619.26,0
408,636520,Surname408,733,Spain,Male,25,3,50307.32,1,1,1,23436.96,0
409,729389,Surname409,488,Spain,Female,22,3,112050.68,4,1,0,177970.84,0
410,203941,Surname410,674,Germany,Female,22,8,118019.31,4,0,0,81930.46,0
411,944032,Surname411,623,France,Male,27,8,2834.19,4,0,1,49316.96,1
412,258856,Surname412,609,France,Male,22,3,35630.2,2,1,1,105148.91,0
413,275311,Surname413,451,Spain,Male,51,8,156075.01,2,1,1,186665.97,0
414,868463,Surname414,444,Spain,Female,67,9,248205.03,2,0,0,141914.37,0
415,591445,Surname415,821,Spain,Female,28,4,162597.94,1,0,1,74616.48,0
416,989995,Surname416,635,Spain,Female,41,0,30054.17,4,1,1,67730.27,0
417,469668,Surname417,452,France,Female,66,6,205360.07,3,1,1,135644.45,0
418,139335,Surname418,473,France,Male,50,8,107884.43,2,1,1,26872.88,0
419,530428,Surname419,508,Spain,Male,31,6,20925.05,4,1,0,79427.93,0
420,283213,Surname420,553,France,Female,39,3,149956.15,2,1,0,100948.78,0
421,293818,Surname421,800,Spain,Female,46,8,57011.52,4,0,0,154498.32,0
422,264426,Surname422,827,France,Male,41,2,104195.44,1,0,1,71848.29,0
423,547470,Surname423,666,Germany,Male,66,8,79573.56,4,1,1,160508.85,0
424,369745,Surname424,485,Germany,Male,23,8,160713.49,3,1,0,158710.62,0
425,652155,Surname425,529,France,Female,20,8,107758.67,1,0,0,13698.01,0
426,373203,Surname426,594,Spain,Male,18,2,25995.52,2,1,1,46178.49,0
427,166275,Surname427,423,France,Male,27,5,53918.89,1,1,1,134144.91,0
428,514482,Surname428,821,Spain,Male,25,6,125111.32,3,0,1,104247.99,0
429,848917,Surname429,798,Spain,Male,47,5,197296.06,1,1,0,15250.9,0
430,236482,Surname430,846,Spain,Male,39,8,2435.82,1,0,1,78333.29,0
431,410835,Surname431,751,Spain,Female,34,5,153106.82,4,0,1,128896.98,0
432,804158,Surname432,518,France,Female,32,8,28970.44,3,0,0,198420.4,0
433,182357,Surname433,593,France,Female,37,2,151012.36,4,0,0,49306.15,1
434,431578,Surname434,371,Germany,Female,55,0,209201.91,2,1,0,39016.61,0
435,718411,Surname435,444,Spain,Female,44,2,57120.74,1,1,1,79230.01,0
436,773591,Surname436,760,Germany,Male,30,0,123878.69,1,1,1,114673.4,0
437,109724,Surname437,493,France,Male,33,2,193513.23,3,1,0,136254.87,0
438,871068,Surname438,590,France,Male,37,9,43894.37,2,1,1,78554.8,0
439,909746,Surname439,623,Spain,Male,36,0,38140.29,3,1,1,53403.91,0
440,821837,Surname440,616,France,Female,60,8,226261.47,4,1,0,10992.64,0
441,651767,Surname441,495,Spain,Female,20,9,173661.66,4,0,1,44854.93,0
442,387169,Surname442,481,Germany,Female,34,0,184143.34,2,1,1,29012.08,0
443,766950,Surname443,837,Spain,Female,29,4,210992.16,2,1,1,56000.87,0
444,810122,Surname444,423,France,Female,53,4,134856.45,1,1,0,71289.15,0
445,832213,Surname445,635,France,Male,27,3,122101.37,4,1,0,24960.3,0
446,918270,Surname446,545,France,Male,27,5,139064.34,2,0,1,87110.73,0
447,118491,Surname447,805,Germany,Male,48,2,179254.49,2,0,0,41848.96,1
448,114672,Surname448,814,Spain,Female,40,4,97734.33,1,1,1,120459.83,0
449,978234,Surname449,576,Germany,Male,60,0,23792.06,1,0,0,81796.71,0
450,195868,Surname450,482,France,Male,38,5,33899.22,2,1,1,131533.89,0
451,841539,Surname451,795,Spain,Female,59,9,243475.74,4,1,1,157469.33,1
452,767194,Surname452,696,Germany,Female,37,5,12929.42,2,1,1,26093.57,1
453,313937,Surname453,450,Spain,Male,22,7,177904.83,4,0,0,82670.95,0
454,555786,Surname454,484,France,Female,64,7,235920.38,2,1,0,195777.28,1
455,173929,Surname455,382,Germany,Male,33,1,32314.89,4,0,0,10438.82,0
456,943052,Surname456,431,Spain,Female,51,2,180566.09,3,0,0,97193.09,0
457,314797,Surname457,469,Spain,Female,18,8,75614.15,1,1,1,99092.82,1
458,410137,Surname458,724,France,Female,65,7,59241.25,2,0,1,166507.1,0
459,469190,Surname459,595,France,Male,33,8,213155.65,2,1,1,65143.11,1
460,988487,Surname460,643,France,Female,31,1,227338.42,1,0,0,157445.82,1
461,230061,Surname461,469,Germany,Male,27,3,86762.63,4,0,0,10418.04,0
462,952871,Surname462,633,Germany,Male,67,2,158161.88,2,0,1,103242.5,0
463,639640,Surname463,401,Spain,Female,60,8,43984.41,2,1,0,70670.89,0
464,900729,Surname464,428,Spain,Male,28,7,197439.86,2,0,0,163549.55,0
465,236968,Surname465,793,Germany,Male,67,1,220309.97,4,1,0,86559.98,0
466,636291,Surname466,436,Spain,Female,57,9,79668.09,2,1,1,23276.9,1
467,959910,Surname467,445,Germany,Female,52,6,163241.75,3,0,0,144593.52,0
468,910193,Surname468,358,Spain,Female,57,0,219104.42,2,1,1,12512.37,0
469,273511,Surname469,662,Germany,Female,66,8,3843.73,2,1,1,73539.14,1
470,229492,Surname470,635,Spain,Female,62,4,213933.82,1,1,0,104682.7,0
471,203897,Surname471,506,Spain,Male,62,6,143028.59,4,1,0,150931.06,0
472,706146,Surname472,829,Germany,Female,60,6,103503.85,3,0,1,69482.14,1
473,720092,Surname473,768,France,Male,19,1,130653.96,1,0,1,29778.52,0
474,489520,Surname474,536,Germany,Male,26,3,206015.5,4,0,0,166798.74,1
475,152280,Surname475,733,Germany,Male,18,0,180532.39,4,0,1,11866.31,0
476,991762,Surname476,732,France,Male,29,7,125316.21,2,0,0,175894.92,0
477,529805,Surname477,815,Spain,Male,44,1,121913.08,1,0,0,30234.53,0
478,446775,Surname478,826,France,Female,48,7,224814.43,4,1,1,33883.18,0
479,659716,Surname479,461,France,Male,61,1,58085.55,3,1,0,41583.48,1
480,424588,Surname480,494,France,Male,60,5,23925.42,2,1,1,38185.17,0
481,430033,Surname481,806,Spain,Female,37,5,169659.53,2,1,1,161008.02,1
482,323575,Surname482,409,Germany,Male,39,6,175552.93,2,1,1,164086.46,0
483,187582,Surname483,597,France,Female,65,7,142096.51,2,1,1,42198.92,0
484,500950,Surname484,842,Spain,Female,19,9,65634.14,3,1,0,31378.35,0
485,321337,Surname485,357,Spain,Female,36,7,73988.27,2,0,1,118771.32,0
486,390580,Surname486,746,Germany,Female,46,8,154260.81,4,0,1,142944.32,0
487,386049,Surname487,638,Germany,Male,29,9,68239.59,1,0,1,116217.57,0
488,126981,Surname488,562,France,Male,67,4,124905.3,4,0,0,15261.07,0
489,962905,Surname489,585,Spain,Male,57,5,83018.59,2,1,1,155556.77,0
490,669751,Surname490,425,Germany,Female,27,8,127609.54,1,0,1,145696.14,0
491,328763,Surname491,571,France,Male,42,6,57340.97,2,1,1,146279.32,0
492,690877,Surname492,390,Spain,Female,22,8,49515.12,2,1,0,49370.51,1
493,381505,Surname493,350,Spain,Male,44,5,183499.58,3,1,1,23353.71,0
494,121875,Surname494,562,Germany,Male,61,8,96431.88,3,1,0,199484.04,0
495,923093,Surname495,459,Spain,Male,39,8,58141.55,4,1,0,100781.47,0
496,758039,Surname496,442,Spain,Female,32,4,214605.1,3,0,1,147986.12,0
497,701011,Surname497,555,Germany,Male,47,5,100425.12,1,0,0,28319.3,0
498,825846,Surname498,515,Spain,Male,19,2,28967.54,1,1,1,105937.13,0
499,524438,Surname499,781,Spain,Male,32,1,177011.99,1,1,1,105778.37,0
500,751271,Surname500,411,France,Female,18,1,69993.0,2,0,0,33343.02,0
501,430345,Surname501,453,Spain,Male,33,7,141310.56,2,1,1,76805.45,0
502,709265,Surname502,784,Germany,Male,51,9,155923.26,2,1,0,179378.03,1
503,393001,Surname503,418,Spain,Female,50,7,240643.59,2,1,0,141140.84,0
504,926038,Surname504,844,Germany,Male,69,0,47775.3,3,1,0,149017.45,0
505,857632,Surname505,810,Germany,Female,55,6,71043.01,2,1,0,176874.87,0
506,494067,Surname506,535,Spain,Female,23,3,233054.96,1,0,0,68954.26,0
507,879640,Surname507,725,Germany,Female,48,2,179573.23,4,1,1,160089.49,1
508,105028,Surname508,835,France,Male,59,1,112332.75,4,0,0,28342.36,0
509,513393,Surname509,846,Germany,Female,65,1,183693.35,4,1,1,119734.26,0
510,747029,Surname510,482,France,Female,68,0,103346.28,1,0,1,111488.13,0
511,139920,Surname511,455,Germany,Female,27,7,102512.88,4,0,1,91926.52,0
512,480163,Surname512,386,Spain,Female,25,9,39104.19,2,1,1,49742.14,1
513,321310,Surname513,686,Germany,Female,48,7,130512.06,3,1,1,91230.04,0
514,941514,Surname514,816,Germany,Male,39,9,65666.1,4,1,1,170413.8,0
515,908468,Surname515,515,Germany,Female,48,0,158398.36,3,1,1,148833.64,0
516,592324,Surname516,572,France,Male,59,3,99651.55,4,1,0,93714.61,0
517,662500,Surname517,723,France,Female,26,9,213430.26,3,1,1,193841.85,0
518,610928,Surname518,844,France,Female,19,6,192840.65,3,0,1,159205.46,0
519,182032,Surname519,641,France,Female,63,4,36983.31,2,1,0,18409.52,0
520,527951,Surname520,782,France,Female,39,8,147772.99,3,0,0,152639.94,0
521,706858,Surname521,478,Spain,Female,26,1,178435.16,3,1,1,146522.18,0
522,333709,Surname522,399,Germany,Female,63,4,128610.23,4,1,1,19351.92,0
523,363528,Surname523,535,Germany,Female,67,5,28486.82,2,0,0,186045.88,1
524,622075,Surname524,615,Spain,Male,18,4,125811.85,1,1,0,98737.38,1
525,703691,Surname525,400,Spain,Male,45,2,108224.75,2,0,0,55434.22,0
526,689887,Surname526,575,Spain,Male,68,6,81438.61,1,1,1,95162.9,1
527,464447,Surname527,526,Spain,Female,66,3,145633.89,4,1,0,168418.29,0
528,300596,Surname528,847,France,Female,43,9,81218.08,4,0,0,57596.11,0
529,413798,Surname529,362,Germany,Female,47,2,58889.17,2,0,0,183677.63,0
530,162729,Surname530,548,Spain,Female,25,2,183975.32,3,0,0,22300.56,0
531,414812,Surname531,474,Spain,Female,44,3,53342.76,4,1,1,26977.85,0
532,342267,Surname532,849,Germany,Female,49,0,201322.06,3,1,0,123871.57,0
533,905487,Surname533,770,Spain,Male,32,0,244790.25,3,0,0,106861.42,0
534,801859,Surname534,449,France,Female,37,6,110309.68,1,0,1,137585.97,0
535,593907,Surname535,708,France,Male,26,4,203098.1,1,0,1,18254.73,0
536,978412,Surname536,386,France,Male,57,3,42091.93,2,1,1,59446.05,0
537,136209,Surname537,636,Spain,Male,47,0,199325.88,4,0,0,143597.49,0
538,239082,Surname538,464,Germany,Female,41,0,240616.79,1,0,0,75436.3,0
539,946050,Surname539,497,Spain,Female,31,8,129255.85,2,1,1,67884.39,0
540,179073,Surname540,772,Germany,Female,58,8,63929.95,2,0,1,165757.62,0
541,413259,Surname541,778,France,Male,19,9,40206.57,4,0,1,161251.98,0
542,695587,Surname542,385,France,Male,43,2,229156.71,4,1,1,151548.28,0
543,304004,Surname543,620,Germany,Female,42,4,81143.13,1,0,1,129248.83,0
544,857562,Surname544,379,Spain,Female,48,4,124250.93,4,1,1,191336.98,1
545,677409,Surname545,785,Spain,Male,59,9,108357.89,4,0,0,14000.83,0
546,114705,Surname546,410,Spain,Male,34,8,108803.88,2,1,1,39002.19,0
547,811808,Surname547,687,France,Male,29,5,191314.57,3,0,0,97378.77,0
548,842183,Surname548,673,Spain,Male,57,8,233789.58,1,1,0,63331.07,0
549,621240,Surname549,635,Germany,Male,25,2,159193.67,3,0,0,65738.28,0
550,125274,Surname550,505,Spain,Male,56,6,239284.56,2,1,1,196256.29,0
551,182212,Surname551,481,Spain,Female,39,6,47611.17,1,0,0,18401.89,0
552,655363,Surname552,383,Germany,Male,42,0,140984.32,3,1,0,14920.6,1
553,879077,Surname553,595,Germany,Male,55,1,171376.75,4,0,1,187677.52,0
554,153251,Surname554,785,France,Female,61,5,178744.08,4,1,1,40417.11,1
555,957314,Surname555,724,France,Male,54,3,188961.86,2,1,0,18165.68,0
556,647705,Surname556,761,Spain,Female,50,3,83287.53,4,0,1,97123.6,0
557,589916,Surname557,578,Spain,Male,27,4,220548.64,1,0,1,177559.21,0
558,375873,Surname558,406,France,Female,67,1,32926.39,1,0,0,68152.3,1
559,254908,Surname559,627,Spain,Male,58,2,69633.93,4,1,1,187127.78,0
560,680420,Surname560,517,Spain,Male,34,4,117178.5,3,0,1,174402.47,0
561,693946,Surname561,584,Germany,Male,53,8,147999.52,3,0,0,63279.4,0
562,952704,Surname562,680,Spain,Male,21,1,73821.05,2,1,0,92733.45,0
563,782232,Surname563,379,Germany,Female,57,3,226956.41,2,1,0,185510.23,0
564,464909,Surname564,591,France,Female,55,0,112961.71,1,0,1,33424.49,0
565,708179,Surname565,763,Spain,Female,21,7,25084.33,1,1,1,21759.73,0
566,766825,Surname566,795,Germany,Female,58,8,204762.94,4,0,1,45856.72,0
567,179285,Surname567,408,Germany,Female,53,2,241363.47,2,0,0,52868.04,1
568,468837,Surname568,630,Germany,Female,19,1,86581.91,4,1,1,44083.91,0
569,866881,Surname569,464,Germany,Male,21,6,138660.9,3,1,0,16025.29,0
570,855335,Surname570,622,Spain,Male,29,8,145767.65,3,1,1,146355.2,0
571,618781,Surname571,798,France,Male,21,2,200405.23,1,0,0,40770.87,0
572,395518,Surname572,706,Germany,Male,64,8,37959.57,4,0,1,96523.9,1
573,511720,Surname573,832,France,Male,30,1,210313.52,4,1,0,32873.79,0
574,407446,Surname574,473,Germany,Female,50,7,180402.38,1,1,1,79448.44,0
575,483828,Surname575,363,Germany,Male,57,9,8730.02,3,1,0,85518.85,0
576,289575,Surname576,607,Germany,Male,68,4,141728.79,2,1,0,183467.34,0
577,377979,Surname577,601,France,Male,18,9,7008.44,1,1,0,144010.18,0
578,938979,Surname578,608,France,Female,65,4,124109.99,1,1,1,182167.01,0
579,990982,Surname579,672,France,Female,41,2,149853.28,1,0,1,102928.3,0
580,648692,Surname580,497,Spain,Female,25,4,158719.93,1,1,1,42174.91,1
581,321779,Surname581,600,France,Female,19,7,231719.67,1,1,0,87830.32,1
582,662399,Surname582,810,Spain,Male,52,3,74264.25,1,1,1,122798.91,0
583,561056,Surname583,508,Spain,Female,31,4,211141.46,3,0,1,112836.58,0
584,374053,Surname584,389,France,Male,48,7,113055.3,3,1,0,180298.04,0
585,988155,Surname585,819,Germany,Female,39,0,166734.96,4,1,0,122551.78,0
586,723723,Surname586,427,Germany,Female,35,4,201985.86,2,0,0,58759.86,1
587,721470,Surname587,783,Spain,Male,41,4,181010.29,3,1,1,190991.4,0
588,245353,Surname588,632,Germany,Female,53,8,198875.15,4,1,1,43045.97,0
589,249459,Surname589,721,Germany,Male,51,7,159017.38,3,1,0,100523.27,1
590,947367,Surname590,490,Spain,Male,24,8,200195.15,4,0,0,178653.6,0
591,815925,Surname591,591,France,Female,42,5,227253.37,2,1,1,144885.15,0
592,601733,Surname592,798,Spain,Male,52,6,226104.71,4,1,0,111722.66,0
593,975996,Surname593,607,France,Male,58,2,81972.05,1,1,1,140687.33,0
594,113704,Surname594,770,France,Male,56,8,242993.21,3,0,0,93180.76,1
595,806219,Surname595,616,Spain,Female,27,8,14416.75,3,0,0,85393.12,0
596,240846,Surname596,712,Germany,Female,42,8,154100.67,4,1,0,129289.23,0
597,698016,Surname597,638,France,Female,47,0,123806.14,2,1,0,150031.56,1
598,697352,Surname598,634,Spain,Female,23,0,57619.02,2,1,1,188117.44,0
599,592211,Surname599,536,Spain,Female,66,1,133787.01,3,1,0,168943.65,0
600,867526,Surname600,544,Spain,Male,66,0,16488.66,1,0,0,192531.58,0
601,490233,Surname601,570,France,Male,43,5,138428.54,1,1,1,32018.36,0
602,512147,Surname602,415,Germany,Male,22,8,213616.36,2,0,1,197999.96,0
603,323970,Surname603,555,Germany,Male,64,3,35243.1,4,1,0,48057.34,1
604,168219,Surname604,689,Spain,Male,56,0,81338.05,4,1,0,25371.75,0
605,255991,Surname605,397,France,Male,18,4,157780.82,2,1,0,134794.0,0
606,705280,Surname606,431,Germany,Female,32,2,89825.32,1,1,1,137962.58,0
607,827891,Surname607,770,Spain,Female,27,1,103750.76,4,0,1,195026.23,0
608,653242,Surname608,549,Germany,Male,54,9,84612.72,4,1,1,156494.5,0
609,745838,Surname609,659,Germany,Female,65,8,120667.47,3,0,0,84605.08,0
610,171712,Surname610,548,France,Female,68,9,93298.99,3,1,1,124020.03,0
611,979731,Surname611,487,Spain,Male,46,4,36062.08,2,1,0,125796.33,0
612,270438,Surname612,365,Germany,Female,33,1,49703.2,4,0,1,155429.56,0
613,368129,Surname613,624,Germany,Female,20,6,19811.65,4,0,1,120408.63,0
614,923724,Surname614,507,France,Female,54,1,116914.27,3,1,0,83423.73,0
615,985563,Surname615,531,France,Female,25,2,211350.98,1,1,1,139477.04,1
616,962009,Surname616,794,Germany,Male,35,3,22637.77,4,0,0,55619.29,0
617,241485,Surname617,392,France,Male,49,0,164681.37,3,0,1,76414.74,0
618,130441,Surname618,816,France,Male,61,4,105055.79,4,0,1,23609.91,0
619,955172,Surname619,480,Spain,Female,59,5,217845.26,2,0,0,165083.73,0
620,291929,Surname620,635,Spain,Female,33,3,90828.39,2,1,1,23489.83,0
621,231165,Surname621,751,Germany,Male,46,8,173610.85,2,0,1,66771.39,0
622,310321,Surname622,385,Germany,Male,60,7,99778.06,3,0,0,185870.25,1
623,135235,Surname623,726,Germany,Male,49,8,135487.11,1,1,0,116287.84,0
624,791906,Surname624,625,France,Male,40,9,193736.41,3,1,1,51397.18,0
625,952372,Surname625,750,Spain,Female,68,8,241964.27,4,1,0,198648.56,0
626,105037,Surname626,373,Germany,Male,41,2,33721.86,3,0,1,177338.6,0
627,519001,Surname627,490,Spain,Female,22,5,132274.27,2,1,0,22954.25,0
628,277103,Surname628,705,France,Male,18,3,33067.16,4,0,1,53754.16,0
629,559127,Surname629,715,Spain,Male,35,7,7625.93,4,1,1,132029.51,0
630,968004,Surname630,534,France,Female,24,6,186987.66,3,0,1,47772.6,0
631,611849,Surname631,544,Germany,Female,22,3,245817.83,3,0,1,112063.81,0
632,176478,Surname632,626,France,Male,29,5,148850.82,4,1,0,41513.54,0
633,853156,Surname633,481,France,Male,50,5,18108.16,4,0,1,137814.05,1
634,379025,Surname634,431,France,Female,34,4,15431.99,4,0,1,110934.86,0
635,550034,Surname635,778,France,Female,20,3,78636.84,2,1,0,194192.13,0
636,633918,Surname636,388,Germany,Male,28,2,95221.02,2,1,1,35424.52,0
637,719885,Surname637,392,Spain,Female,57,1,966.62,4,1,1,110837.04,0
638,982519,Surname638,808,Germany,Male,56,9,210670.73,1,0,1,69227.54,0
639,993666,Surname639,387,Germany,Female,57,6,117144.94,3,1,0,126410.86,0
640,563267,Surname640,712,France,Male,18,0,248926.92,1,0,0,48618.55,1
641,467177,Surname641,390,Germany,Male,27,0,221036.73,2,1,0,185824.57,0
642,299898,Surname642,717,France,Female,29,6,125194.08,4,1,1,93205.15,1
643,863831,Surname643,633,Spain,Male,62,3,156764.53,3,0,0,92036.56,0
644,527546,Surname644,482,France,Female,35,9,78638.0,4,0,1,159401.76,0
645,949270,Surname645,785,Spain,Male,54,8,75839.03,1,0,1,182428.47,0
646,256108,Surname646,756,Germany,Male,59,3,32551.24,3,1,1,103855.01,0
647,459119,Surname647,515,France,Male,65,3,136350.05,4,1,0,156544.95,0
648,427010,Surname648,641,Spain,Male,23,7,20417.82,3,1,0,37348.78,1
649,783610,Surname649,380,Germany,Male,59,9,111714.91,2,0,0,57957.73,0
650,611027,Surname650,613,Spain,Male,66,4,80431.1,3,1,1,141668.16,0
651,459398,Surname651,822,France,Male,56,8,197633.33,4,1,0,186081.95,0
652,871886,Surname652,438,Spain,Male,54,6,95361.4,1,0,0,32269.66,0
653,902512,Surname653,589,Spain,Male,22,6,225373.83,4,1,0,35533.57,0
654,420956,Surname654,749,Spain,Male,67,7,47382.61,2,0,1,195293.18,0
655,942543,Surname655,744,Germany,Female,29,2,232636.64,4,1,0,27334.91,0
656,229018,Surname656,497,Spain,Female,57,5,148321.66,3,1,1,18150.22,0
657,605960,Surname657,683,Spain,Male,47,4,30060.4,1,0,1,111033.32,1
658,694560,Surname658,837,Spain,Male,61,0,125537.54,3,1,1,52638.15,0
659,103466,Surname659,662,Spain,Female,63,5,66979.55,3,1,1,66549.05,1
660,120427,Surname660,835,France,Male,29,9,187259.12,1,0,0,127399.8,1
661,876077,Surname661,837,France,Male,60,6,162827.36,1,1,0,76736.82,1
662,882663,Surname662,752,Germany,Male,50,6,15684.13,2,0,0,199174.3,1
663,956670,Surname663,805,Spain,Male,19,8,104386.55,2,0,0,53362.0,0
664,662694,Surname664,410,Germany,Male,62,5,221784.05,3,1,0,174402.33,0
665,140621,Surname665,374,Spain,Male,65,2,101956.75,4,1,0,176292.33,1
666,803733,Surname666,510,France,Female,52,3,185907.64,2,0,1,93141.42,0
667,564286,Surname667,714,Spain,Female,60,7,28345.64,4,1,0,199493.9,0
668,343215,Surname668,645,Germany,Female,60,9,216729.16,3,1,0,63732.06,0
669,933705,Surname669,722,Spain,Male,62,3,125607.94,4,0,1,27302.11,0
670,925510,Surname670,454,France,Male,28,5,236893.04,2,1,1,117767.05,0
671,342997,Surname671,732,Germany,Male,60,1,134330.29,3,1,0,11419.64,0
672,514290,Surname672,717,Spain,Male,58,1,192306.42,4,0,1,100091.11,0
673,390183,Surname673,466,France,Male,64,0,243028.47,2,0,0,168992.72,0
674,793929,Surname674,834,Spain,Male,57,4,182336.75,2,0,0,89744.34,0
675,754146,Surname675,840,France,Female,33,9,144318.33,3,0,1,48758.55,0
676,504316,Surname676,366,Germany,Female,63,3,91677.03,4,0,1,58574.55,0
677,272366,Surname677,786,Germany,Female,44,3,10631.27,1,1,1,183623.56,0
678,370436,Surname678,568,Spain,Male,59,4,108136.43,2,0,0,135820.41,0
679,438141,Surname679,838,France,Female,58,3,103120.11,3,0,0,40649.25,0
680,976718,Surname680,558,Germany,Female,62,9,205765.56,3,1,0,98006.76,1
681,583933,Surname681,652,Spain,Female,66,5,47313.18,3,0,1,126772.82,0
682,697618,Surname682,574,Spain,Female,34,8,185661.21,1,1,1,105976.68,0
683,775489,Surname683,444,Spain,Female,61,1,9390.9,1,1,0,159166.89,0
684,793004,Surname684,690,France,Female,46,9,221591.33,2,0,0,11195.57,1
685,316800,Surname685,629,Spain,Male,18,3,166985.65,3,1,1,63402.23,1
686,535945,Surname686,493,France,Male,62,0,105610.95,4,1,1,119172.24,0
687,535024,Surname687,522,Spain,Male,20,6,66376.93,1,0,0,112390.95,0
688,711784,Surname688,433,France,Female,40,4,46100.26,1,0,1,29775.24,0
689,719507,Surname689,469,Spain,Male,42,7,146411.28,1,0,1,43291.06,0
690,233245,Surname690,405,Spain,Female,62,6,102559.67,1,1,0,153062.16,1
691,174890,Surname691,704,France,Female,37,5,185755.72,4,0,0,111609.24,1
692,842000,Surname692,761,Germany,Male,48,6,226693.64,3,1,1,131593.8,0
693,576315,Surname693,651,Germany,Male,31,0,73912.89,2,0,0,165182.92,0
694,846168,Surname694,832,Germany,Female,25,7,162475.09,4,0,1,120927.07,0
695,713496,Surname695,687,France,Female,37,7,105680.55,1,0,1,69650.39,0
696,686049,Surname696,565,Germany,Female,53,1,10684.75,2,0,0,109417.56,0
697,708704,Surname697,761,Spain,Male,47,0,153858.17,1,1,1,34774.42,0
698,495973,Surname698,427,France,Female,38,2,90925.64,4,0,1,61694.67,0
699,505336,Surname699,782,Germany,Female,26,6,3431.51,1,0,1,134474.78,1
700,123842,Surname700,821,Spain,Female,28,6,118070.0,2,1,1,17811.09,0
701,300655,Surname701,700,Spain,Female,59,7,22917.23,2,1,1,10161.68,0
702,483676,Surname702,739,France,Female,52,4,157042.41,3,1,1,178543.76,0
703,545678,Surname703,727,Germany,Female,64,3,131624.09,3,1,1,193222.47,0
704,361291,Surname704,581,Spain,Male,29,3,125087.19,4,0,1,182066.41,0
705,347507,Surname705,575,Germany,Female,26,5,234219.8,3,0,0,50937.7,0
706,274936,Surname706,719,Spain,Female,39,1,220106.84,3,1,0,153384.98,0
707,558310,Surname707,832,Spain,Male,22,0,178483.49,2,0,1,96728.92,0
708,435508,Surname708,634,France,Male,65,1,144385.18,2,1,1,23479.33,0
709,584230,Surname709,594,Germany,Male,25,2,63092.33,4,0,0,161047.37,0
710,988604,Surname710,415,Spain,Female,39,5,2040.69,1,1,1,163553.2,0
711,776467,Surname711,418,Germany,Male,40,4,29908.69,4,1,1,147175.73,0
712,596518,Surname712,563,Germany,Male,24,9,80073.56,2,0,0,199344.64,0
713,760290,Surname713,806,Germany,Male,37,2,49181.96,1,0,1,198502.26,0
714,681596,Surname714,602,France,Female,61,9,142500.96,3,0,1,44089.88,0
715,464134,Surname715,720,Spain,Female,24,6,133737.45,1,1,1,161128.37,0
716,846341,Surname716,767,Germany,Female,50,4,97447.86,3,0,0,135366.58,0
717,971803,Surname717,724,France,Female,55,1,200136.13,1,0,0,148028.91,0
718,775525,Surname718,833,Germany,Male,40,0,182789.29,4,1,0,198271.1,1
719,416086,Surname719,398,France,Male,59,7,171970.72,3,1,1,168957.66,0
720,174573,Surname720,449,Germany,Male,39,8,125668.81,2,0,0,84388.29,0
721,499253,Surname721,823,Germany,Female,29,2,10861.31,3,0,1,188118.47,0
722,941211,Surname722,419,Germany,Male,61,8,107006.93,3,0,0,176281.44,0
723,125247,Surname723,799,France,Female,21,5,124795.46,1,0,0,144184.38,1
724,414961,Surname724,449,France,Male,50,3,111961.9,4,0,1,188022.27,0
725,348867,Surname725,421,Spain,Female,47,2,1118.66,4,0,0,97830.69,0
726,124813,Surname726,351,Spain,Female,39,2,163107.21,2,1,1,145518.68,1
727,934803,Surname727,479,France,Female,35,6,64348.19,1,0,1,10776.59,0
728,409498,Surname728,549,Spain,Male,23,8,11164.71,2,1,1,118030.41,0
729,196648,Surname729,503,France,Male,65,1,125867.15,2,1,1,147500.92,0
730,680350,Surname730,450,France,Female,45,4,230136.85,3,0,0,82772.26,0
731,338873,Surname731,427,France,Female,19,1,7360.07,3,1,0,174904.47,0
732,575157,Surname732,458,Spain,Male,51,3,3435.4,4,0,1,102162.88,0
733,122957,Surname733,528,Germany,Male,58,7,146937.02,3,1,1,63684.76,0
734,609157,Surname734,761,Spain,Female,61,3,135746.56,1,1,0,114394.55,0
735,138870,Surname735,446,Germany,Female,57,0,3926.59,1,0,1,182048.0,0
736,583728,Surname736,393,Spain,Female,61,7,25767.19,2,0,1,139665.28,1
737,486030,Surname737,625,Germany,Female,69,3,209098.66,1,0,1,190515.08,0
738,693015,Surname738,704,Germany,Male,55,0,113159.61,4,0,1,95047.66,0
739,404805,Surname739,651,France,Female,48,8,31096.82,4,1,0,135111.1,1
740,665119,Surname740,450,Spain,Female,36,3,38980.12,3,0,0,129394.79,1
741,752673,Surname741,686,Germany,Female,33,7,152855.68,1,1,1,55433.4,1
742,883749,Surname742,462,Spain,Male,69,4,82166.5,1,0,0,151469.35,1
743,609638,Surname743,584,France,Male,63,1,6426.31,4,0,1,22918.42,1
744,139308,Surname744,727,France,Female,58,6,159004.62,2,0,0,119273.59,0
745,234490,Surname745,777,Germany,Female,47,4,8088.23,3,0,0,43822.84,1
746,436458,Surname746,801,France,Female,22,3,27569.99,1,1,1,45785.28,0
747,393883,Surname747,358,Spain,Male,66,6,39692.06,1,0,0,196167.99,0
748,678486,Surname748,561,France,Male,60,6,35819.48,2,1,0,83058.93,0
749,991982,Surname749,780,France,Female,38,4,190390.74,2,1,0,108726.17,0
750,748776,Surname750,414,France,Male,34,2,23361.36,2,1,0,136371.62,0
751,589671,Surname751,722,France,Female,39,7,37160.4,3,0,1,104675.27,0
752,709413,Surname752,754,Spain,Male,20,3,111753.89,2,1,0,147916.52,0
753,476367,Surname753,446,Spain,Female,38,1,35020.92,1,1,1,14945.74,1
754,620891,Surname754,832,Germany,Female,63,0,186734.01,1,1,0,138573.29,0
755,874595,Surname755,713,France,Female,42,6,121936.46,3,0,1,71634.76,1
756,171818,Surname756,739,Germany,Male,61,1,219910.85,2,0,0,177079.18,0
757,612754,Surname757,691,Germany,Female,38,5,9528.97,3,0,1,37247.5,1
758,101337,Surname758,630,Spain,Female,63,4,213799.6,3,0,0,15822.26,0
759,529531,Surname759,352,France,Female,33,6,38452.74,4,1,0,21580.71,0
760,900089,Surname760,805,France,Male,51,3,231408.68,3,1,0,109215.18,0
761,313379,Surname761,458,Spain,Female,42,1,81510.28,3,1,1,50897.25,1
762,236317,Surname762,553,Spain,Male,42,7,127695.76,2,0,1,153103.76,0
763,913774,Surname763,593,Spain,Female,58,7,5923.52,3,0,1,20549.94,0
764,366066,Surname764,634,France,Female,45,8,182284.73,4,0,1,54617.49,0
765,625509,Surname765,724,Germany,Male,21,0,53442.82,3,0,1,167745.91,0
766,933210,Surname766,701,Germany,Male,37,0,229154.19,3,0,1,18671.82,0
767,757284,Surname767,415,France,Female,30,2,165446.76,1,1,0,159646.44,0
768,287409,Surname768,814,Germany,Female,68,6,70904.79,4,0,0,31235.36,0
769,633189,Surname769,720,France,Female,62,1,65227.15,2,0,1,170124.21,0
770,796767,Surname770,560,France,Male,28,9,42619.8,4,1,0,158968.01,1
771,411646,Surname771,748,Spain,Male,27,9,200467.63,3,1,0,51563.6,0
772,567608,Surname772,371,France,Male,46,5,109619.19,1,0,1,86374.77,0
773,775459,Surname773,461,Spain,Female,64,1,69236.4,2,0,1,97020.87,0
774,980965,Surname774,717,Spain,Male,49,7,238204.88,3,1,1,84817.54,1
775,567368,Surname775,547,Germany,Male,41,3,200560.21,4,0,0,50096.01,0
776,661316,Surname776,639,Spain,Female,31,9,146575.75,2,0,0,52970.0,0
777,222426,Surname777,456,Germany,Female,23,3,200612.16,2,1,1,141232.21,0
778,207697,Surname778,480,France,Male,63,2,30031.69,2,1,0,38795.85,0
779,758871,Surname779,377,Germany,Female,58,4,168040.94,3,1,1,63577.45,0
780,700728,Surname780,582,Germany,Male,25,5,81037.89,3,1,1,21974.91,0
781,821569,Surname781,725,Germany,Female,59,4,171877.24,2,1,1,51440.58,0
782,615937,Surname782,497,France,Male,64,6,240414.28,1,1,1,17183.62,1
783,800878,Surname783,749,France,Male,34,8,195089.9,2,0,0,142684.36,0
784,518545,Surname784,677,Spain,Male,68,0,141389.71,3,0,1,86841.53,0
785,828199,Surname785,842,France,Male,57,9,186383.3,3,1,1,81756.97,0
786,391563,Surname786,635,Spain,Female,53,6,117082.92,3,1,0,102271.26,0
787,489166,Surname787,769,France,Female,60,7,69986.29,3,0,0,59645.98,0
788,754832,Surname788,575,Germany,Female,46,9,10158.51,2,1,0,78463.38,0
789,930079,Surname789,654,Spain,Female,35,6,169300.76,1,0,0,122283.48,0
790,131649,Surname790,783,France,Female,55,5,35647.86,4,1,0,52659.53,0
791,206833,Surname791,686,France,Male,19,4,114836.99,2,1,0,97773.91,0
792,809789,Surname792,534,France,Male,35,7,166688.64,4,1,1,119235.3,0
793,193708,Surname793,669,Germany,Female,48,3,222823.5,3,0,0,36237.86,1
794,947478,Surname794,822,Spain,Male,52,6,152340.91,4,1,0,68324.29,0
795,404942,Surname795,792,Spain,Female,21,3,54431.17,4,0,0,114920.33,0
796,128960,Surname796,739,Spain,Female,51,7,118513.91,2,0,0,86239.36,0
797,302327,Surname797,657,France,Female,61,8,166905.02,1,1,1,146038.97,0
798,651548,Surname798,600,Spain,Male,43,4,48829.38,1,0,0,53951.14,0
799,194617,Surname799,411,Spain,Female,19,8,183042.95,2,1,0,99437.51,1
800,110738,Surname800,456,France,Female,52,2,190956.06,1,1,0,165998.75,0
801,747019,Surname801,817,France,Female,67,6,130632.34,2,0,1,37126.17,0
802,222857,Surname802,623,France,Female,57,6,214700.31,2,1,0,180036.3,0
803,899342,Surname803,395,France,Female,58,5,56184.96,1,1,1,94976.72,0
804,138464,Surname804,830,Germany,Female,36,7,134434.37,3,0,1,101169.66,0
805,889836,Surname805,412,Germany,Male,59,8,223541.05,2,0,0,130822.6,0
806,161302,Surname806,372,Spain,Female,39,2,176037.88,1,0,0,112948.38,1
807,635113,Surname807,575,Germany,Female,65,2,201718.58,4,0,1,166417.53,0
808,217508,Surname808,452,France,Male,46,0,55523.26,4,1,0,45461.62,0
809,413095,Surname809,487,Germany,Female,19,8,143195.15,2,1,0,34681.88,0
810,528675,Surname810,611,France,Female,59,1,81010.68,1,0,0,60062.09,0
811,207568,Surname811,682,Germany,Male,56,9,164729.11,1,0,0,199584.54,0
812,434117,Surname812,411,France,Female,30,7,130652.41,2,0,0,28784.24,0
813,374548,Surname813,520,Spain,Female,33,5,156372.2,4,1,1,110785.84,0
814,928909,Surname814,597,Spain,Female,46,7,154417.51,2,0,1,156942.34,0
815,568528,Surname815,750,Germany,Female,43,5,184108.96,2,0,1,168193.27,1
816,925453,Surname816,665,France,Female,68,6,199720.57,4,1,0,191910.69,0
817,896626,Surname817,623,Spain,Male,40,2,15469.44,4,1,0,199081.71,0
818,962387,Surname818,546,France,Male,45,7,237094.21,3,1,1,114928.67,0
819,536785,Surname819,666,Germany,Male,31,7,101611.23,3,1,0,55749.5,0
820,996071,Surname820,503,France,Female,51,4,42524.25,4,0,0,108780.32,0
821,869882,Surname821,492,France,Female,32,3,230495.03,4,1,1,149846.11,0
822,537681,Surname822,715,Germany,Female,26,3,195997.85,2,0,0,100566.86,1
823,579214,Surname823,667,Spain,Male,22,5,105088.45,4,0,1,61738.94,1
824,203709,Surname824,531,Germany,Female,64,5,149978.63,1,0,0,166197.67,1
825,743587,Surname825,431,France,Male,39,6,56549.32,2,0,1,167531.83,0
826,239338,Surname826,379,Germany,Female,63,1,103282.58,1,0,0,114623.1,1
827,984308,Surname827,548,Germany,Female,46,2,100234.99,4,0,0,124296.4,0
828,581770,Surname828,378,France,Female,40,0,188510.11,1,0,0,107571.49,0
829,734177,Surname829,552,Germany,Female,32,2,107930.75,4,0,0,158606.09,0
830,925207,Surname830,483,Spain,Male,18,5,188717.82,2,1,1,178544.86,0
831,169140,Surname831,834,Spain,Female,68,2,197519.86,2,1,0,10382.26,0
832,168816,Surname832,834,Germany,Female,55,0,96404.97,4,0,0,194989.13,0
833,760522,Surname833,690,France,Female,68,3,110015.83,2,0,0,75382.94,0
834,793746,Surname834,789,Germany,Female,27,8,130179.0,2,0,0,85834.19,0
835,476860,Surname835,848,Germany,Female,51,3,877.67,3,0,1,79859.81,1
836,396346,Surname836,528,Spain,Female,58,9,48763.75,4,0,0,170429.04,0
837,856567,Surname837,436,Spain,Female,58,1,211784.29,2,1,1,149990.6,0
838,398164,Surname838,531,France,Male,69,0,190235.08,2,0,1,43993.07,0
839,237520,Surname839,616,France,Male,25,6,19287.9,1,1,0,87537.78,0
840,147042,Surname840,393,France,Male,44,4,158724.42,4,1,1,10518.08,0
841,126214,Surname841,793,Germany,Male,47,6,5183.84,3,1,1,162591.53,0
842,125353,Surname842,764,Germany,Male,68,4,133550.92,4,0,0,54893.29,0
843,238498,Surname843,665,Germany,Female,35,1,40370.41,1,0,0,25773.17,0
844,898068,Surname844,492,Germany,Male,28,3,213363.09,1,0,1,135546.1,0
845,754188,Surname845,849,France,Female,61,9,153703.81,1,1,1,51628.17,0
846,589193,Surname846,782,France,Female,51,6,15995.57,2,1,1,114311.46,0
847,866809,Surname847,470,France,Male,19,2,160313.47,3,1,0,40628.93,0
848,322069,Surname848,731,Germany,Male,56,8,223049.55,1,0,0,160120.59,0
849,624900,Surname849,406,Germany,Male,37,8,183426.6,1,1,0,196574.97,1
850,825082,Surname850,799,France,Female,47,2,28800.58,3,0,1,30423.49,0
851,191204,Surname851,710,Spain,Female,24,9,166273.32,1,0,1,169868.4,1
852,157961,Surname852,741,France,Male,23,3,152675.67,2,1,0,103060.01,0
853,142506,Surname853,803,Germany,Female,22,2,157837.97,1,1,1,19768.06,0
854,448172,Surname854,493,Germany,Female,20,1,198790.53,2,0,1,109048.44,1
855,810248,Surname855,469,France,Female,58,1,76104.78,4,0,1,101565.35,0
856,274305,Surname856,839,Spain,Female,58,5,88867.13,4,1,1,179368.47,0
857,913477,Surname857,658,Spain,Male,34,6,50454.03,4,1,1,74674.44,0
858,776007,Surname858,638,Germany,Male,25,1,114294.02,3,1,1,153923.51,0
859,240192,Surname859,437,Germany,Male,58,7,102460.84,2,0,1,35138.14,0
860,945178,Surname860,812,Germany,Female,42,9,21025.46,4,0,0,83815.62,0
861,436794,Surname861,768,France,Female,41,9,60651.63,3,1,0,112478.18,0
862,427779,Surname862,379,Germany,Female,40,6,29981.9,3,0,0,44489.24,0
863,811897,Surname863,401,Germany,Female,59,2,138627.1,2,1,1,47576.31,0
864,823250,Surname864,823,Germany,Female,24,2,46816.63,1,0,1,56614.77,0
865,356344,Surname865,787,Spain,Male,32,6,81400.55,4,1,0,151131.32,1
866,623474,Surname866,610,Spain,Male,69,8,204263.33,4,1,1,189263.27,1
867,548276,Surname867,542,Germany,Male,57,5,142962.31,1,1,1,34159.51,0
868,539006,Surname868,729,Spain,Female,42,6,129895.82,1,1,0,114108.59,0
869,558396,Surname869,504,Spain,Female,49,9,236090.69,1,0,0,37949.72,1
870,625896,Surname870,818,Spain,Male,38,5,109337.85,1,1,1,20308.61,0
871,547762,Surname871,739,Spain,Female,36,2,220910.27,4,0,0,17496.84,0
872,130105,Surname872,728,France,Female,53,9,144463.5,2,0,1,91492.23,0
873,584248,Surname873,694,Spain,Female,50,8,101333.87,3,0,0,90811.32,0
874,435399,Surname874,623,Spain,Female,38,5,86518.02,1,1,0,136196.56,0
875,897930,Surname875,802,Spain,Female,42,8,225844.5,4,0,0,84087.03,0
876,477116,Surname876,662,Spain,Female,50,8,141311.34,4,1,1,53646.12,0
877,392504,Surname877,510,France,Male,45,0,62928.39,4,1,0,28297.63,0
878,767282,Surname878,591,France,Male,62,0,129867.22,3,0,1,118519.97,0
879,558435,Surname879,687,Germany,Female,54,4,62442.72,1,0,0,51294.32,1
880,737100,Surname880,422,Spain,Male,36,4,60167.22,1,1,1,81658.6,0
881,148851,Surname881,423,Spain,Female,40,9,32285.34,1,0,1,13330.76,0
882,946125,Surname882,578,Germany,Female,52,5,172327.31,2,0,0,57317.99,0
883,471510,Surname883,765,France,Female,49,2,195260.9,3,0,1,133690.53,0
884,444064,Surname884,700,Germany,Female,68,7,80902.99,4,0,0,33396.18,0
885,159530,Surname885,679,France,Female,36,6,102324.16,2,1,1,135657.52,0
886,612707,Surname886,714,Germany,Female,32,1,198267.02,3,0,0,173479.96,0
887,556582,Surname887,526,Germany,Female,25,7,4075.8,1,0,0,175180.1,0
888,597371,Surname888,577,Spain,Female,29,9,83207.74,1,0,1,39905.21,0
889,536665,Surname889,766,Germany,Male,28,2,76898.6,4,1,0,98793.2,0
890,489062,Surname890,620,France,Male,56,0,135862.92,1,0,1,179967.09,0
891,414259,Surname891,411,France,Male,59,9,223717.31,4,1,1,148685.98,0
892,682818,Surname892,693,Germany,Male,40,6,10129.18,2,1,0,174613.41,1
893,102098,Surname893,766,France,Female,18,7,210692.84,3,1,1,83509.67,0
894,475026,Surname894,662,Germany,Male,52,3,139281.95,3,0,1,104812.41,0
895,662022,Surname895,762,Spain,Male,35,3,146916.73,3,1,1,180071.67,0
896,560820,Surname896,521,Spain,Male,60,6,239241.41,2,1,0,91512.61,1
897,565579,Surname897,447,Spain,Male,24,1,32070.78,3,1,1,137331.86,0
898,506134,Surname898,528,Spain,Female,21,1,69160.89,4,0,1,90672.25,0
899,356128,Surname899,652,Germany,Female,58,5,57512.95,3,0,1,144521.23,0
900,400516,Surname900,458,France,Male,45,1,117209.99,4,1,0,126512.71,0
901,647181,Surname901,678,Germany,Female,30,1,144957.47,2,0,0,93904.66,0
902,440073,Surname902,771,France,Female,57,3,181965.74,2,0,1,114314.18,1
903,271714,Surname903,470,Germany,Male,39,6,13259.8,3,0,0,123648.29,0
904,485249,Surname904,352,France,Female,43,5,106532.36,3,0,0,177021.06,0
905,582956,Surname905,623,France,Male,18,2,231068.58,2,1,0,138605.53,0
906,724399,Surname906,493,Germany,Female,61,1,115648.19,2,0,1,145613.35,0
907,578326,Surname907,545,Spain,Male,52,3,204405.68,2,1,0,194286.05,0
908,192311,Surname908,691,Germany,Female,19,2,27994.95,2,0,1,22855.73,1
909,462380,Surname909,846,Spain,Male,66,1,72420.42,2,1,0,45646.58,0
910,423329,Surname910,592,Germany,Male,61,9,183849.22,4,1,0,70443.24,1
911,537254,Surname911,443,France,Male,55,9,155338.56,2,1,0,189752.8,0
912,984605,Surname912,707,Spain,Female,64,9,110788.17,4,1,0,53425.45,0
913,301990,Surname913,470,France,Male,61,0,167228.5,4,0,1,117367.97,0
914,665862,Surname914,500,France,Female,43,9,192742.08,1,0,0,32374.61,0
915,456262,Surname915,560,France,Female,41,9,224377.18,3,1,0,61426.77,0
916,407531,Surname916,357,Germany,Female,60,0,110088.78,3,0,1,62460.85,0
917,162834,Surname917,661,France,Female,69,5,160652.42,3,0,0,144608.59,0
918,617461,Surname918,527,Germany,Female,22,4,95365.07,2,1,1,30677.53,0
919,586782,Surname919,376,Spain,Female,25,3,231762.47,1,1,1,153827.05,0
920,184338,Surname920,598,France,Male,47,8,120170.92,3,0,0,67673.78,0
921,975186,Surname921,482,Spain,Male,19,9,102630.75,1,1,0,149359.38,0
922,390050,Surname922,459,Spain,Male,41,2,234867.81,1,0,1,79646.61,0
923,697324,Surname923,439,Germany,Female,41,0,490.32,2,1,0,91016.2,1
924,203069,Surname924,376,Spain,Female,42,4,82992.77,3,1,1,33907.84,0
925,875689,Surname925,538,Germany,Female,43,8,209551.39,4,1,1,30299.96,0
926,370963,Surname926,593,Germany,Male,23,3,112862.09,4,0,0,112949.95,1
927,715368,Surname927,461,Spain,Female,40,9,87096.6,1,0,0,131043.33,0
928,450836,Surname928,433,Spain,Female,67,7,146954.1,2,1,0,27504.83,0
929,812885,Surname929,428,Spain,Male,34,5,101168.95,4,1,0,36492.13,0
930,790411,Surname930,496,Germany,Female,49,1,82375.9,4,0,1,16164.12,0
931,165323,Surname931,471,Germany,Female,66,3,66493.33,3,0,0,40857.65,0
932,590063,Surname932,446,Spain,Male,18,0,78261.37,2,1,1,52289.73,0
933,242398,Surname933,697,Germany,Female,68,4,231040.51,1,0,0,141233.59,0
934,319724,Surname934,642,Spain,Male,21,1,239918.23,4,0,0,22390.78,0
935,966066,Surname935,708,Germany,Female,51,3,24707.65,3,0,1,140607.24,0
936,147449,Surname936,754,Germany,Female,49,4,183853.47,3,0,1,87031.41,0
937,452781,Surname937,733,France,Male,24,8,164440.67,3,0,0,37161.21,0
938,214910,Surname938,842,France,Female,18,8,157742.17,3,1,1,196642.54,0
939,660732,Surname939,737,Spain,Male,26,9,8210.84,3,1,0,105811.11,0
940,939916,Surname940,496,France,Female,42,9,68363.48,2,0,1,65895.01,0
941,175881,Surname941,555,Germany,Female,24,5,186525.72,3,0,0,20545.98,0
942,242549,Surname942,401,Spain,Male,29,0,123951.71,2,0,0,69721.11,1
943,211204,Surname943,399,France,Female,22,3,5972.09,3,1,1,126366.68,1
944,316624,Surname944,381,Spain,Female,55,5,131628.89,1,0,0,56696.85,0
945,781512,Surname945,831,Spain,Male,25,8,211951.22,2,1,1,118155.88,0
946,600634,Surname946,496,Germany,Male,43,0,219605.06,1,1,1,62872.84,0
947,435006,Surname947,618,France,Female,69,5,224656.49,4,1,0,18446.34,1
948,631845,Surname948,461,Germany,Female,60,5,131833.1,2,0,1,88501.59,0
949,211551,Surname949,825,Spain,Female,23,8,116741.9,3,0,1,77757.85,0
950,308357,Surname950,581,Spain,Male,55,2,61086.16,3,1,1,56719.13,0
951,930501,Surname951,704,Spain,Female,22,0,216519.39,2,1,0,110504.65,0
952,967953,Surname952,677,France,Female,60,7,199964.29,4,0,1,84028.34,0
953,243455,Surname953,444,Germany,Male,30,9,215893.72,3,0,0,190489.64,0
954,278528,Surname954,651,Germany,Male,34,7,56486.24,2,1,1,128033.53,0
955,790672,Surname955,558,France,Male,23,0,24475.73,2,0,1,78049.29,0
956,303040,Surname956,415,Germany,Male,31,3,174611.27,3,1,0,50723.97,1
957,394974,Surname957,438,Germany,Male,29,1,228287.79,3,1,1,136373.53,1
958,520234,Surname958,622,Spain,Female,40,0,229144.19,4,1,0,184824.46,0
959,421932,Surname959,651,Spain,Female,60,8,132157.87,3,0,1,129151.49,0
960,706016,Surname960,733,Spain,Female,57,0,160526.3,2,1,0,167584.53,1
961,851005,Surname961,569,France,Male,18,6,28020.3,1,0,0,140003.45,0
962,860154,Surname962,515,Spain,Female,42,2,68821.95,2,1,1,189964.49,0
963,298631,Surname963,784,Germany,Male,66,1,134437.74,2,0,0,87369.69,0
964,567094,Surname964,758,France,Female,45,3,220192.22,4,1,0,156817.8,0
965,223283,Surname965,782,Germany,Female,48,4,121034.93,3,0,1,106745.33,0
966,380965,Surname966,554,France,Male,42,5,148177.06,3,1,0,19403.38,0
967,397764,Surname967,354,Germany,Female,46,1,13884.11,4,1,0,12519.83,0
968,804639,Surname968,846,France,Male,42,6,241163.5,3,1,0,90773.46,0
969,724100,Surname969,785,Germany,Male,48,9,123106.81,1,0,0,135395.13,0
970,339365,Surname970,524,Spain,Female,64,1,40067.61,1,0,1,174021.78,0
971,115708,Surname971,390,France,Male,50,3,84742.74,2,0,0,16198.4,0
972,348268,Surname972,748,Germany,Female,64,8,128326.83,2,1,0,188950.38,0
973,846579,Surname973,591,Germany,Female,53,2,34628.58,2,1,1,178104.5,0
974,865836,Surname974,744,Germany,Male,40,6,49161.71,4,0,1,175987.27,0
975,790150,Surname975,761,Germany,Female,65,0,228974.23,1,0,0,132107.26,1
976,650023,Surname976,684,Spain,Female,26,4,218138.15,1,0,1,98665.03,0
977,578388,Surname977,708,Spain,Male,21,4,30575.53,2,1,0,162758.85,0
978,974909,Surname978,747,France,Female,54,0,69749.48,4,0,0,49173.1,0
979,576160,Surname979,354,France,Female,32,3,158896.09,2,0,0,65535.4,0
980,251255,Surname980,564,Germany,Female,54,3,64938.41,3,1,0,42811.73,0
981,983407,Surname981,621,France,Male,35,6,520.97,1,1,1,199616.54,1
982,689564,Surname982,379,Germany,Male,37,7,175303.64,2,1,0,46514.44,0
983,619811,Surname983,812,France,Female,42,6,48269.64,4,0,1,143142.67,0
984,399581,Surname984,520,France,Male,42,7,81238.89,2,1,1,97793.73,0
985,242480,Surname985,503,Germany,Female,53,1,70984.11,1,1,1,16326.1,0
986,372240,Surname986,553,Spain,Male,68,6,38092.3,3,1,0,25440.07,0
987,142441,Surname987,829,Germany,Male,19,8,33921.28,3,0,0,186591.39,0
988,206068,Surname988,569,Spain,Female,30,2,36228.37,1,0,1,151463.11,0
989,132884,Surname989,372,France,Female,38,5,241872.92,2,1,1,113741.86,0
990,551301,Surname990,460,Spain,Female,25,0,181712.72,1,1,1,49798.31,1
991,664991,Surname991,649,Germany,Male,40,2,235018.84,4,1,0,11207.67,0
992,723416,Surname992,818,France,Male,62,5,142884.98,4,0,1,156803.48,1
993,450768,Surname993,533,Spain,Female,33,9,82752.19,2,0,0,69336.74,0
994,945685,Surname994,603,Spain,Male,50,9,40981.71,1,0,0,50667.71,0
995,267433,Surname995,480,Germany,Male,51,9,120839.07,4,1,0,42739.19,0
996,547678,Surname996,503,France,Female,31,3,123349.63,3,0,0,163671.31,0
997,388847,Surname997,475,France,Male,19,0,194367.46,2,0,1,127920.25,0
998,223622,Surname998,470,Spain,Male,21,5,132109.87,4,0,0,131847.15,0
999,418670,Surname999,478,Spain,Male,57,2,48712.59,2,1,1,185833.08,0
1000,256065,Surname1000,701,Spain,Male,54,3,203547.68,3,0,0,179441.82,0
